,features,score
0,"pl_orbsmax,pl_ttvflag,st_logg,st_wise2lim",0.5
1,"dec,pl_omflag,pl_radjerr2,pl_rvflag,st_jmh2,st_pmdec",0.5
2,"pl_orbsmax,st_distlim,st_glat,st_hmk2lim,st_tefferr2",0.5
3,"pl_radslim,pl_tranmid,pl_tranmiderr2,st_jmk2lim,st_wise2",0.5
4,"gaia_pmdecerr,pl_orbsmax,st_jmk2lim",0.5
5,"gaia_gmag,st_kerr,st_masslim",0.5
6,"gaia_plxerr2,pl_angsep,st_age",0.5
7,"pl_omflag,pl_orbeccen,pl_rvamplim,st_herr",0.5
8,"pl_eqt,st_elat,st_pmdecerr",0.5
9,"st_dist,st_herr,st_vjerr",0.5
10,"gaia_plxerr2,st_naxa,st_wise3",0.5
11,"pl_bmasseerr1,pl_nnotes,st_lum,st_vj",0.5
12,"gaia_pmerr,pl_angseperr1,pl_rads,pl_st_npar,st_photn,st_wise3err",0.5
13,"gaia_pmraerr,pl_bmassjerr1,pl_msinijlim,st_herr,st_nplc",0.5
14,"pl_masselim,st_lumlim,st_metratio",0.5
15,"pl_trandurlim,st_metfeerr1,st_rah",0.5
16,"pl_angseperr1,pl_bmasseerr2,pl_locale",0.5
17,"pl_status,pl_telescope,st_plxerr2",0.5
18,"gaia_plxlim,pl_orbincllim,pl_ratrorlim",0.5
19,"pl_st_npar,st_elat,st_radv",0.5
20,"st_jmh2lim,st_loggerr1,st_plxerr2",0.5
21,"st_jmh2,st_lumerr1,st_radlim,st_wise2err",0.5
22,"gaia_gmag,gaia_pmraerr,pl_orbinclerr1,pl_radjerr1,st_distlim",0.5
23,"gaia_pmlim,pl_impparlim,pl_orbpererr2,pl_ratrorerr2,pl_st_nref,st_wise3lim",0.5
24,"gaia_plxerr1,pl_facility,st_vj",0.5
25,"pl_orbeccenerr1,st_raderr2,st_tefflim",0.5
26,"pl_impparlim,pl_rade,st_jmh2lim,st_teff",0.5
27,"pl_omflag,st_ageerr1,st_jerr,st_nrvc",0.5
28,"pl_impparerr1,pl_radj,pl_ratrorerr2,st_h,st_jmk2",0.5
29,"pl_nnotes,pl_rade,pl_radelim,st_denserr2",0.5
30,"pl_orbinclerr1,pl_ttvflag,st_hmk2err",0.5
31,"gaia_pmdec,pl_trandurerr1,st_nts",0.5
32,"gaia_plxerr2,gaia_pmdec,pl_k2flag",0.5
33,"pl_tsystemref,st_hmk2lim,st_masslim,st_splim",0.5
34,"gaia_distlim,pl_eqtlim,pl_kepflag",0.5
35,"gaia_pmerr,pl_orbper,pl_radelim,st_h",0.5
36,"gaia_pmerr,pl_st_nref,pl_telescope,st_jmh2lim,st_optband,st_radlim,st_wise3",0.5
37,"pl_eqterr1,pl_instrument,pl_masselim,pl_rvflag",0.5
38,"gaia_plx,pl_angsep,pl_orbeccenlim,st_jmk2lim,st_metratio,st_plxerr1",0.5
39,"pl_orbeccenlim,st_jmh2,st_kerr",0.5
40,"pl_status,st_jlim,st_kerr,st_naxa",0.5
41,"gaia_dist,st_hmk2,st_lumerr1",0.5
42,"gaia_pmdeclim,pl_letter,st_metfe,st_pmdecerr,st_radv",0.5
43,"pl_eqterr2,pl_radserr1,pl_ratdorerr1,st_logglim,st_masslim",0.5
44,"gaia_plxerr2,pl_imgflag,st_klim",0.5
45,"gaia_disterr2,gaia_plxlim,gaia_pm,pl_eqt,st_wise2lim,st_wise3lim",0.5
46,"gaia_plxerr2,pl_bmasse,pl_nnotes,st_wise2",0.5
47,"gaia_pm,pl_discmethod,pl_letter,pl_ratdorerr2,pl_tranmiderr2,st_disterr2,st_rah",0.5
48,"gaia_pmdec,pl_st_nref,pl_trandurerr2,st_disterr2,st_wise4lim",0.5
49,"gaia_pmdecerr,pl_radelim,st_hmk2,st_wise3err",0.5
50,"gaia_gmaglim,pl_astflag,pl_impparlim,st_raderr1,st_vj",0.5
51,"dec,gaia_plxlim,pl_kepflag,st_nimg",0.5
52,"pl_radslim,pl_ratdorerr2,pl_tranmiderr1,st_mass,st_pmdecerr,st_wise1lim",0.5
53,"pl_k2flag,pl_locale,st_jerr,st_logg,st_radverr1",0.5
54,"pl_discmethod,pl_ratrorerr1,st_metfelim",0.5
55,"pl_occdeplim,pl_orbtperlim,st_metfeerr2",0.5
56,"pl_radslim,st_jmk2err,st_wise4",0.5
57,"pl_st_nref,st_nimg,st_nspec",0.5
58,"pl_impparlim,pl_orbincl,pl_tranmid,pl_tranmidlim",0.5
59,"pl_bmassj,st_distlim,st_hmk2lim",0.5
60,"pl_omflag,pl_orbpererr1,pl_ratrorerr1",0.5
61,"gaia_pmdecerr,st_hmk2lim,st_sp",0.5
62,"st_optmagerr,st_pmralim,st_raderr1",0.5
63,"pl_massjlim,pl_rads,st_elon,st_nrvc,st_radlim",0.5
64,"pl_disc,st_elat,st_nglc,st_wise3",0.5
65,"gaia_pm,pl_rade,st_glat",0.5
66,"pl_radjlim,st_elon,st_jmh2lim",0.5
67,"pl_orbsmaxerr2,st_elon,st_jerr,st_jmh2,st_nspec,st_plxerr2",0.5
68,"pl_controvflag,st_jerr,st_wise2err",0.5238095238095238
69,"pl_controvflag,pl_radj,st_pmralim,st_raderr2,st_tefflim,st_wise4lim",0.5
70,"gaia_plxerr1,pl_trandurlim,st_nspec,st_photn,st_vj",0.5
71,"pl_angsep,pl_tranmidlim,st_age,st_jmk2err,st_klim,st_logg",0.5
72,"gaia_pmraerr,pl_trandur,pl_tranmid,pl_ttvflag,st_hmk2,st_pmlim",0.5
73,"pl_pnum,pl_rads,st_loggerr2",0.5
74,"pl_angseperr2,pl_orblperlim,st_hmk2lim,st_teff,st_tefferr1",0.5
75,"pl_imppar,pl_orbper,pl_trandeplim",0.5
76,"pl_trandur,st_hmk2err,st_klim",0.5
77,"st_disterr1,st_lum,st_pmdec",0.5
78,"pl_bmassjlim,st_glat,st_pmdeclim,st_rad,st_tefflim",0.5
79,"gaia_plx,pl_eqterr1,pl_mnum,st_disterr2,st_optmagerr,st_pmraerr",0.5
80,"gaia_pmra,pl_discmethod,pl_imgflag,pl_orbeccenlim,pl_radjerr1,st_k",0.5416666666666666
81,"pl_bmassjerr2,pl_orbper,st_disterr2,st_nglc,st_pmdec,st_pmerr,st_wise2err",0.5
82,"pl_orbperlim,pl_ratrorerr1,pl_telescope",0.5
83,"pl_discmethod,pl_ratdorerr1,st_nts,st_optmagerr,st_pm",0.5
84,"pl_bmassprov,pl_cbflag,pl_orbpererr1,pl_tranmid,st_nglc,st_pmra,st_raderr2,st_wise2",0.5
85,"pl_angseperr1,st_lumerr2,st_pmraerr",0.5
86,"st_hmk2,st_mass,st_wise1",0.5
87,"gaia_gmag,pl_eqtlim,pl_orbpererr1,pl_orbperlim,st_masslim",0.5
88,"gaia_disterr2,pl_tsystemref,st_jerr,st_vjlim,st_wise2lim",0.5
89,"pl_radeerr1,pl_trandurlim,pl_ttvflag,st_j,st_nglc,st_nrvc",0.5
90,"gaia_pmraerr,pl_impparlim,pl_trandurerr2,pl_trandurlim,st_raderr1,st_tefferr1",0.5
91,"gaia_pmra,pl_impparlim,st_hlim,st_jerr",0.5
92,"pl_nnotes,pl_ttvflag,st_wise1err",0.5
93,"pl_orbpererr1,st_pmdeclim,st_radvlim",0.5
94,"gaia_pmdec,pl_facility,pl_kepflag,pl_msinielim,pl_st_nref,st_rad",0.5
95,"gaia_pmralim,pl_letter,pl_pnum,st_elon",0.5
96,"gaia_gmaglim,st_ageerr2,st_radlim",0.5
97,"gaia_gmaglim,pl_bmasse,st_kerr,st_optmag",0.5
98,"pl_kepflag,pl_st_npar,st_jmk2lim,st_masslim,st_rah",0.5
99,"pl_insolerr2,st_glon,st_h,st_naxa",0.5
100,"gaia_pmlim,pl_st_npar,st_radlim",0.5
101,"pl_denslim,st_glon,st_jmh2err",0.5
102,"gaia_disterr2,gaia_plx,gaia_pmra,pl_orbinclerr2,pl_ratdor,pl_tranflag,st_jmk2err,st_masserr2,st_photn,st_pmralim,st_wise4lim",0.5
103,"gaia_plxlim,pl_radelim,st_ageerr2,st_jlim,st_pmdeclim",0.5
104,"pl_eqtlim,pl_impparerr1,pl_massjlim,pl_tranmid,st_elat,st_elon",0.5
105,"pl_angseperr1,pl_ratdorerr1,pl_trandeplim,st_lumlim,st_photn",0.5
106,"pl_orbperlim,pl_status,st_tefferr1",0.5
107,"pl_orbeccenerr2,st_herr,st_jmh2err",0.5
108,"pl_angseperr2,pl_insol,st_wise1",0.5
109,"st_nrvc,st_pmerr,st_radvlim",0.5
110,"pl_radslim,st_denslim,st_optmaglim",0.5
111,"pl_impparlim,st_jmh2,st_klim,st_vjlim",0.5
112,"st_denslim,st_jmh2lim,st_loggerr1,st_loggerr2,st_pmraerr,st_vjlim,st_wise2err",0.5
113,"gaia_pmerr,pl_nnotes,pl_tranmid,st_pmlim",0.5
114,"gaia_pmdecerr,pl_radeerr2,pl_tranmidlim",0.5
115,"st_nglc,st_optmaglim,st_tefferr1",0.5
116,"gaia_disterr2,pl_impparerr1,pl_radelim,st_colorn",0.5
117,"gaia_plx,pl_impparerr1,pl_locale",0.5
118,"pl_rvamplim,st_herr,st_hmk2,st_wise2lim",0.5
119,"pl_orbpererr2,pl_radserr1,st_denserr2,st_raderr2",0.5
120,"pl_eqtlim,pl_orbsmaxlim,pl_rade,pl_radjerr1,pl_trandurerr1,pl_trandurerr2,st_masserr2,st_metfeerr1",0.5
121,"pl_bmasseerr2,pl_orbsmax,st_jmh2,st_tefferr1",0.5
122,"pl_astflag,pl_bmasseerr2,st_glat,st_nplc",0.5
123,"pl_discmethod,st_plx,st_radvlim",0.5
124,"pl_orbincllim,st_vjlim,st_wise4lim",0.5
125,"pl_trandeplim,st_dens,st_kerr,st_tefferr2",0.5
126,"gaia_pmdec,pl_orbper,pl_st_npar,st_pmlim",0.5
127,"pl_cbflag,pl_telescope,st_dens,st_j",0.5
128,"pl_orbeccenerr2,pl_orbpererr1,pl_orbsmax,st_metfeerr1",0.5
129,"gaia_gmag,gaia_plxerr2,gaia_pmdecerr,st_plxerr2",0.5
130,"gaia_pmerr,st_nglc,st_wise2",0.5
131,"gaia_gmag,pl_bmasseerr2,st_hmk2,st_jmk2lim,st_logg,st_pmraerr,st_wise4",0.5
132,"pl_nnotes,pl_tranmidlim,st_metfeerr2,st_rad",0.5
133,"pl_tranflag,st_age,st_herr,st_jlim",0.5
134,"gaia_pmdec,pl_angsep,st_mass",0.5
135,"pl_orbincllim,pl_orbsmaxerr2,st_hmk2,st_optmagerr",0.5
136,"gaia_distlim,pl_impparlim,pl_rade,pl_radelim,st_jmh2",0.5
137,"pl_impparerr2,pl_masselim,pl_radj,st_distlim,st_loggerr2,st_masserr1,st_nglc,st_nimg,st_wise4",0.5
138,"pl_orbinclerr1,pl_status,pl_tranflag,pl_ttvflag,st_colorn,st_jmh2,st_kerr,st_wise3",0.5
139,"gaia_disterr2,pl_bmasse,pl_cbflag,pl_denslim,pl_orbper,st_klim,st_nrvc,st_wise3lim",0.5
140,"gaia_pmralim,st_jmk2,st_k,st_plx",0.5
141,"pl_disc,pl_orbinclerr1,st_klim,st_metratio",0.5
142,"pl_angseperr2,pl_orblperlim,st_pmdecerr",0.5
143,"pl_bmasselim,pl_rvamperr2,st_radv,st_wise2err",0.5
144,"gaia_gmag,gaia_pmdeclim,pl_angseperr1,pl_radeerr2,pl_telescope,pl_trandurerr2,st_dens,st_klim,st_metfeerr1,st_wise3lim",0.5
145,"pl_impparerr2,st_jmk2lim,st_optmaglim",0.5
146,"pl_radserr1,st_lumerr2,st_pmdeclim",0.5
147,"pl_ratrorerr1,st_colorn,st_wise1err",0.5
148,"pl_bmasse,pl_rvflag,st_elon,st_metfe",0.5
149,"gaia_distlim,pl_orbinclerr2,pl_status,pl_ttvflag,st_disterr1,st_nspec,st_nts",0.5
150,"pl_eqt,pl_insollim,st_masserr1,st_teff",0.5
151,"gaia_plx,gaia_pmerr,st_wise1err",0.5
152,"gaia_disterr1,gaia_gmaglim,pl_orbeccenerr1,st_glat,st_nimg,st_optmaglim",0.5
153,"st_j,st_raderr1,st_raderr2",0.5
154,"pl_orbtperlim,st_hmk2,st_hmk2err,st_lumlim,st_pmdec",0.5
155,"gaia_pm,st_denserr2,st_loggerr1,st_nglc,st_rad",0.5
156,"gaia_pmlim,pl_nnotes,st_lumerr2",0.5
157,"st_jmk2,st_kerr,st_radverr2,st_wise2",0.5
158,"pl_eqt,pl_ratror,st_masslim,st_metfelim",0.5
159,"st_masserr2,st_masslim,st_optmaglim,st_wise1err",0.5
160,"pl_orbeccenlim,pl_ratrorerr1,pl_ratrorlim,pl_tranmid,st_h,st_metfe",0.5
161,"gaia_gmaglim,pl_bmasse,pl_radjerr1",0.5
162,"pl_insolerr2,st_nrvc,st_wise1",0.5
163,"pl_ratdorerr1,pl_tsystemref,st_radlim",0.5
164,"pl_orbeccenlim,st_jmk2,st_pmlim",0.5
165,"pl_radj,pl_rvflag,st_loggerr2,st_naxa",0.5
166,"pl_angseperr1,pl_pnum,pl_radjlim,st_colorn",0.5
167,"pl_status,st_elat,st_jmk2,st_metfe,st_wise1",0.5
168,"gaia_plxerr1,pl_angseperr1,pl_eqt",0.5
169,"pl_tranmiderr2,st_denslim,st_rad",0.5
170,"gaia_pmralim,pl_angsep,pl_bmassj",0.5
171,"st_elon,st_h,st_metfe",0.5
172,"st_herr,st_k,st_rad,st_sp",0.5
173,"pl_kepflag,pl_telescope,st_jerr,st_lum,st_metfeerr1,st_pmralim",0.55
174,"pl_ttvflag,st_elat,st_hmk2,st_naxa,st_vjerr",0.5
175,"ra,st_pmraerr,st_vjerr",0.4852941176470588
176,"ra,st_hlim,st_metfe",0.5
177,"pl_rads,st_lum,st_tefflim",0.5
178,"gaia_disterr1,pl_facility,pl_radeerr2,st_disterr2",0.5
179,"pl_orbsmaxerr2,st_hmk2err,st_kerr",0.5
180,"pl_masselim,st_loggerr2,st_vjerr",0.5
181,"pl_cbflag,pl_eqterr1,pl_orbperlim,st_k,st_pmra,st_teff",0.5
182,"pl_impparerr2,pl_impparlim,pl_ratdor,pl_tranflag,st_glat,st_klim,st_mass,st_wise4lim",0.5
183,"gaia_plx,pl_bmassj,pl_instrument,pl_rvamplim,pl_tranflag,st_disterr2,st_logg,st_wise2err",0.5
184,"pl_insolerr2,pl_radeerr1,pl_tranmid,st_nrvc",0.5
185,"pl_impparlim,pl_radserr1,st_jlim,st_mass",0.5
186,"dec,pl_radj,pl_radserr2",0.5
187,"gaia_plxlim,st_teff,st_wise2err",0.5
188,"pl_orbincl,pl_ratrorerr1,st_metfe,st_optmag,st_pm",0.5
189,"gaia_pmdeclim,pl_orbinclerr1,pl_radeerr2,st_metfe",0.5
190,"gaia_plxlim,pl_radserr1,pl_ratrorerr1,st_klim",0.5
191,"pl_bmassjlim,pl_ratdor,pl_tranmid,st_pmdecerr,st_wise1err",0.5
192,"pl_orbper,pl_tranmidlim,st_herr,st_hmk2err,st_jmh2lim,st_k,st_vjerr",0.5
193,"pl_orbinclerr1,pl_orbsmaxerr1,st_hlim,st_logglim,st_lumlim,st_photn",0.5
194,"pl_angsep,pl_rvflag,st_denserr2,st_disterr2,st_jmk2err,st_metfeerr1",0.5
195,"gaia_distlim,gaia_pmra,st_nts,st_vj",0.5
196,"gaia_gmaglim,pl_orbperlim,pl_radjlim,st_mass,st_nspec,st_radv",0.5
197,"pl_masselim,pl_pnum,pl_ratdorerr1,pl_ratrorerr2",0.5
198,"pl_eqterr1,pl_eqterr2,pl_imppar,st_jmk2lim,st_wise2",0.5
199,"gaia_plx,pl_orbincl,st_denslim,st_h,st_nrvc",0.5
200,"gaia_pmdec,pl_omflag,st_jmh2,st_radv",0.5
201,"pl_ttvflag,st_colorn,st_plxerr2,st_teff",0.5
202,"pl_bmassjlim,pl_orbsmaxlim,pl_radjerr2,st_lumerr2",0.5
203,"gaia_pmraerr,pl_orbinclerr2,pl_rade",0.5
204,"pl_insol,pl_orbsmaxlim,st_colorn",0.5
205,"st_glat,st_pmdec,st_wise2",0.5
206,"pl_bmassprov,pl_st_npar,pl_trandurlim,st_h,st_hlim",0.5
207,"pl_msinielim,pl_omflag,pl_radjerr2,pl_tsystemref,st_glon,st_radvlim",0.5
208,"gaia_disterr1,gaia_pmdec,st_loggerr1,st_pmdec",0.5
209,"pl_orbeccenlim,pl_orbpererr1,pl_ratdor,st_masserr1",0.5
210,"pl_ratdor,pl_trandurerr1,pl_tranflag,st_metratio",0.5
211,"pl_orbeccenerr2,pl_radjerr1,st_pmdeclim,st_wise1",0.5
212,"gaia_pmerr,pl_bmassprov,pl_radjerr2,st_tefflim,st_wise1",0.5
213,"gaia_pmraerr,pl_astflag,pl_masselim,st_pmralim",0.5
214,"pl_locale,pl_orbpererr1,pl_radj",0.525
215,"gaia_plx,pl_bmasseerr2,pl_facility,pl_status,st_elon,st_klim",0.5
216,"pl_disc,st_optmaglim,st_vjlim",0.5
217,"pl_tsystemref,st_hlim,st_optmag",0.5
218,"pl_omflag,pl_radslim,st_logglim",0.5
219,"gaia_plxlim,pl_radserr2,st_jmk2lim",0.5
220,"gaia_pm,pl_ratror,st_jmk2",0.5
221,"pl_msinielim,pl_orbeccen,pl_orbpererr2,st_pmraerr,st_teff,st_wise1",0.5
222,"st_ageerr2,st_glat,st_herr",0.5
223,"pl_astflag,st_glon,st_nrvc",0.5
224,"st_raderr1,st_teff,st_tefferr1,st_wise2lim",0.5
225,"gaia_disterr2,pl_trandurerr1,st_distlim",0.5
226,"pl_radserr2,pl_tranmiderr2,st_dist",0.5
227,"pl_rads,st_j,st_pmdeclim",0.5
228,"gaia_pmdec,pl_eqt,pl_radslim,pl_tranmid,st_distlim,st_glon,st_herr,st_loggerr1",0.5
229,"gaia_pmdeclim,pl_orbeccen,pl_orbsmaxerr2,pl_radjerr2,pl_tranmiderr2,st_wise2",0.5
230,"pl_orbsmaxerr2,pl_ttvflag,st_logg,st_metfeerr2",0.5
231,"gaia_pmerr,ra,st_tefflim",0.5
232,"gaia_dist,pl_omflag,st_masserr2",0.5
233,"pl_disc,pl_imgflag,pl_orbsmaxerr1,st_logglim",0.5
234,"gaia_pmdec,pl_eqt,pl_ratdorerr1,pl_tranflag,st_dist,st_hmk2,st_jmh2lim,st_raderr1",0.5
235,"pl_instrument,st_jmh2err,st_jmk2,st_photn,st_raderr2,st_radlim,st_vj,st_wise1err",0.5
236,"pl_orbincl,pl_trandur,st_metratio,st_wise1lim",0.5
237,"pl_controvflag,pl_orbincl,st_optmag",0.5
238,"pl_tranmiderr1,pl_tranmidlim,st_ageerr2,st_distlim,st_herr",0.5
239,"pl_orbeccenlim,pl_ratrorlim,pl_rvflag,st_glon,st_jmh2lim,st_loggerr2,st_nplc",0.5
240,"gaia_pm,pl_bmassj,st_jmk2err",0.5
241,"pl_impparlim,pl_radjlim,st_loggerr1",0.5
242,"gaia_gmaglim,gaia_plx,pl_orbinclerr2,pl_orbincllim,pl_ratrorerr2,st_lumlim,st_nplc,st_wise2lim,st_wise3err",0.5
243,"gaia_plxerr1,gaia_pmdecerr,gaia_pmra,pl_orbeccenlim",0.5
244,"pl_angseperr2,st_ageerr2,st_disterr1,st_tefflim",0.5
245,"pl_denslim,pl_impparlim,pl_msinijlim,st_wise4lim",0.5
246,"pl_bmasse,pl_bmassjlim,pl_orbeccen,st_elon,st_masslim,st_tefferr2,st_wise1lim",0.5
247,"pl_radserr1,pl_tsystemref,st_ageerr1,st_hmk2,st_kerr,st_nplc,st_tefflim",0.5
248,"st_ageerr2,st_hmk2,st_jmk2",0.5
249,"gaia_distlim,pl_impparlim,pl_orbperlim,pl_orbsmax,pl_ratdor",0.5
250,"st_ageerr1,st_metratio,st_wise2err",0.5
251,"pl_facility,pl_letter,pl_msinielim,pl_orbtperlim,st_photn",0.5
252,"gaia_pmralim,pl_insollim,pl_ratdorlim,st_hlim,st_vjerr",0.5
253,"pl_discmethod,st_nglc,st_wise2lim",0.5
254,"gaia_pmra,pl_imgflag,pl_nnotes,pl_st_npar,pl_trandurlim,st_plxlim,st_wise3lim",0.5
255,"pl_trandurerr1,st_hmk2err,st_nrvc",0.5
256,"pl_pnum,pl_rvamperr1,pl_tsystemref,st_wise4lim",0.5
257,"pl_astflag,pl_orbsmax,st_teff",0.5
258,"gaia_gmaglim,pl_instrument,pl_orbperlim,st_metfeerr1",0.5
259,"pl_locale,pl_orbsmaxerr1,st_j,st_logg,st_pmralim,st_wise3lim",0.5
260,"pl_bmassjerr1,pl_kepflag,pl_radjlim,st_rah",0.5
261,"pl_eqterr2,pl_orbsmaxlim,st_jmk2lim,st_loggerr1,st_metfeerr1",0.5
262,"gaia_pmdec,pl_orbeccenerr1,pl_pnum,st_herr,st_jlim,st_nspec",0.5
263,"pl_orbeccenerr1,pl_orbsmax,st_hmk2lim",0.5
264,"dec,pl_orbeccenerr2,st_jmh2err",0.5
265,"st_jmh2err,st_lumerr1,st_metfelim",0.5
266,"pl_rvamplim,st_jlim,st_metratio",0.5
267,"gaia_plxlim,pl_impparlim,st_pmlim,st_pmralim",0.5
268,"pl_rads,pl_tranmid,st_glat",0.5
269,"gaia_plxerr1,gaia_plxerr2,pl_orbsmaxlim,st_kerr,st_masserr1",0.5
270,"pl_insol,st_kerr,st_optband",0.5
271,"pl_impparerr2,pl_orbincllim,pl_radj,st_k,st_mass",0.5
272,"pl_bmassj,st_metfeerr1,st_tefferr2,st_vjlim",0.5
273,"gaia_disterr1,pl_tranmiderr1,st_hmk2lim",0.5
274,"st_logglim,st_optband,st_vjerr",0.5
275,"pl_angsep,pl_orbeccenlim,st_metfeerr1,st_nspec,st_pmlim,st_pmralim,st_raderr2",0.5
276,"pl_ratror,st_tefferr1,st_tefferr2",0.5
277,"pl_orbsmaxerr1,pl_tsystemref,st_masserr1,st_wise1",0.5
278,"pl_disc,pl_kepflag,pl_orbeccenlim,st_jlim",0.5
279,"pl_bmasse,pl_denslim,st_wise1lim",0.5
280,"dec,pl_rvamp,st_wise1lim",0.5
281,"pl_locale,pl_tsystemref,st_optband,st_raderr2,st_wise1lim",0.5
282,"gaia_pmralim,pl_orbpererr2,pl_rads,st_dist,st_glat,st_hmk2lim",0.5
283,"pl_imgflag,pl_rvflag,st_k",0.5
284,"pl_tranmiderr1,st_denslim,st_nrvc,st_vjlim",0.5
285,"gaia_distlim,pl_orbsmaxerr2,st_pmlim,st_radverr1,st_teff",0.5
286,"gaia_disterr1,pl_angseperr1,pl_radserr1",0.5
287,"pl_bmassprov,pl_msinielim,pl_orbincllim",0.5
288,"gaia_plxlim,pl_tranmid,st_metfeerr1,st_nplc",0.5
289,"gaia_pmerr,pl_k2flag,pl_st_npar,st_glon,st_photn",0.5
290,"pl_orbeccenlim,pl_radelim,pl_rvamplim,st_herr",0.5
291,"gaia_disterr2,st_jmk2lim,st_k,st_plxerr1,st_wise2",0.5
292,"pl_controvflag,st_kerr,st_metfelim",0.5
293,"pl_impparerr1,pl_nnotes,pl_orbperlim,st_nrvc",0.5
294,"gaia_pmralim,st_jmk2,st_wise2",0.5
295,"st_ageerr1,st_jmh2err,st_pmra",0.5
296,"gaia_pmralim,pl_angseperr1,pl_radjerr1",0.5
297,"pl_rvamperr2,pl_status,st_wise3lim",0.5
298,"gaia_disterr1,gaia_pmdecerr,gaia_pmra,pl_locale,pl_status",0.525
299,"gaia_gmag,gaia_plxlim,pl_bmassj,st_hmk2,st_jmh2,st_rah",0.5
300,"pl_bmasselim,pl_imgflag,st_h,st_optmaglim,st_pmlim",0.5
301,"pl_impparerr1,pl_instrument,pl_orbeccen",0.5
302,"gaia_pmdecerr,pl_eqterr2,pl_instrument,pl_pnum,pl_tranmiderr2,pl_ttvflag,st_denserr1,st_glat,st_glon,st_jmk2,st_loggerr1,st_radlim",0.5
303,"gaia_pm,pl_angsep,pl_imgflag,st_nts,st_plx,st_radv",0.5
304,"pl_radj,st_masserr2,st_pmerr",0.5
305,"gaia_plxlim,st_disterr2,st_plx",0.5
306,"gaia_pmdecerr,pl_orbperlim,pl_radjerr1,pl_radjerr2,pl_ratrorerr1,st_hlim,st_masserr1",0.5
307,"gaia_pmdeclim,pl_impparlim,pl_radjlim,st_klim",0.5
308,"gaia_pmerr,pl_bmassjlim,pl_cbflag,pl_orbpererr1,st_j,st_nrvc,st_pmra,st_wise3,st_wise3lim,st_wise4lim",0.5
309,"pl_angseperr2,pl_rvamp,pl_status",0.5
310,"pl_ratdorlim,st_logg,st_loggerr2",0.5
311,"pl_msinijlim,pl_rvamplim,pl_status,st_disterr2,st_logg,st_wise1",0.5
312,"pl_bmasse,st_metfeerr1,st_raderr1",0.5
313,"pl_bmasse,pl_instrument,st_lumerr2,st_optband,st_wise2lim",0.5
314,"gaia_plxlim,pl_cbflag,pl_radslim,st_pmra",0.5
315,"st_jerr,st_jmh2,st_k,st_pmdecerr",0.5
316,"gaia_plxlim,pl_bmassjlim,pl_ratrorlim",0.5
317,"gaia_dist,gaia_pmdecerr,pl_impparerr2,st_naxa",0.5
318,"st_lum,st_radverr1,st_vj,st_wise2err",0.5
319,"pl_kepflag,pl_rade,pl_radjerr2,st_disterr1,st_radlim,st_wise3lim",0.5
320,"pl_rvamperr1,st_masslim,st_radv",0.5
321,"pl_bmasse,pl_radjerr2,pl_radslim,st_hmk2lim,st_kerr",0.5
322,"pl_astflag,st_disterr1,st_jerr",0.5
323,"pl_radeerr1,st_nspec,st_pmdeclim",0.5
324,"pl_denslim,pl_kepflag,pl_occdeplim",0.5
325,"gaia_distlim,pl_eqterr1,pl_rads,st_pmra",0.5
326,"dec,st_glat,st_plxerr1,st_pmdecerr",0.5
327,"pl_angsep,pl_eqterr2,st_hmk2",0.5
328,"gaia_plxlim,pl_orbperlim,st_jlim,st_lumerr2,st_wise1",0.5
329,"pl_rvamperr1,st_dist,st_wise4",0.5
330,"gaia_pmraerr,pl_orbsmax,pl_orbsmaxlim,pl_ratdorerr2,pl_st_npar,pl_tranmiderr2,st_logglim,st_masserr1,st_pmraerr",0.5
331,"pl_facility,pl_tranflag,st_wise2",0.5
332,"pl_nnotes,pl_orbsmaxlim,st_naxa,st_pmdec",0.5
333,"gaia_pmra,pl_orbsmaxerr1,st_metfe",0.5
334,"st_hmk2err,st_nrvc,st_wise2",0.5
335,"pl_denslim,pl_eqtlim,pl_orbtperlim,st_nspec",0.5
336,"pl_orbincl,pl_ratrorerr1,pl_trandur,st_hmk2err,st_jmk2err,st_masserr1",0.5
337,"gaia_plxlim,pl_rvamplim,st_rad",0.5
338,"gaia_distlim,gaia_pm,pl_k2flag,st_denserr1,st_herr",0.5
339,"gaia_pmralim,pl_orbperlim,st_pmra",0.5
340,"pl_rvamperr1,ra,st_lumerr1",0.4714285714285714
341,"st_jmh2,st_tefferr2,st_vjlim",0.5
342,"pl_nnotes,pl_orblperlim,st_teff",0.5
343,"pl_eqterr2,pl_orbinclerr2,pl_radjerr2",0.5
344,"gaia_plx,st_jlim,st_wise2lim",0.5
345,"pl_massjlim,st_rad,st_wise1lim",0.5
346,"pl_orbpererr2,st_lum,st_radverr1",0.5
347,"gaia_dist,pl_letter,st_optband",0.5
348,"pl_cbflag,pl_insolerr1,st_jmk2lim,st_loggerr1,st_pmerr",0.5
349,"pl_bmasselim,pl_orbeccen,st_pm",0.5
350,"pl_impparerr2,pl_orbincl,pl_rads,pl_ttvflag,st_metratio,st_nspec,st_wise2err",0.5
351,"gaia_pmerr,pl_ratdor,st_metfelim,st_nimg",0.5
352,"st_metratio,st_pmdecerr,st_sp",0.5
353,"pl_radelim,pl_ttvflag,st_glon,st_wise1err",0.5
354,"pl_bmasseerr1,st_jmk2lim,st_mass",0.5
355,"gaia_plxlim,pl_ratror,st_klim",0.5
356,"pl_mnum,st_nimg,st_radvlim",0.5
357,"pl_rads,pl_ttvflag,ra",0.5
358,"gaia_plx,pl_orbperlim,pl_ratrorerr2,st_glat,st_optmag,st_pmdec",0.5
359,"pl_rvamperr2,pl_st_nref,pl_ttvflag,st_vjerr",0.5
360,"pl_bmassj,st_jerr,st_optmagerr",0.5
361,"pl_letter,pl_orbincl,pl_st_nref",0.5
362,"gaia_plxlim,pl_bmasselim,pl_disc,st_jerr,st_rad,st_wise3err",0.5
363,"gaia_plx,pl_denslim,st_vjlim",0.5
364,"gaia_pmdecerr,pl_bmassjlim,pl_instrument,pl_st_nref",0.5
365,"pl_rvamperr1,st_kerr,st_loggerr2",0.5
366,"pl_eqt,st_pmdec,st_radlim",0.5
367,"st_disterr2,st_masserr2,st_nts",0.5
368,"pl_bmasselim,pl_orbinclerr1,st_lumerr2,st_pm",0.5
369,"pl_masselim,pl_ttvflag,st_jmk2err",0.5
370,"pl_bmassjlim,st_disterr2,st_herr,st_jmk2err,st_lum",0.5
371,"gaia_pmraerr,pl_eqt,pl_orbsmaxlim,st_tefferr1",0.5
372,"gaia_dist,st_dens,st_loggerr2,st_masslim,st_raderr1",0.5
373,"gaia_plxerr1,pl_rvamperr1,st_wise3",0.5
374,"pl_angseperr1,st_dist,st_rah",0.5
375,"pl_disc,pl_letter,pl_orbinclerr1,pl_radeerr1,pl_tranmidlim,st_colorn,st_pmdecerr",0.5
376,"pl_locale,pl_omflag,st_optmaglim",0.5
377,"pl_locale,st_jmk2lim,st_metfeerr2,st_wise2",0.5294117647058824
378,"gaia_gmaglim,pl_trandur,st_optmaglim,st_wise3err",0.5
379,"gaia_plxlim,pl_angseperr1,pl_orbtperlim,pl_st_nref,pl_status,st_mass",0.5
380,"dec,gaia_pmraerr,pl_eqterr1,pl_radjerr2,pl_ratdor,pl_st_nref,st_h",0.5
381,"pl_bmassjlim,pl_telescope,ra",0.5
382,"pl_letter,st_nimg,st_tefflim",0.5
383,"gaia_pmralim,st_metfeerr2,st_teff",0.5
384,"gaia_pmralim,pl_bmasselim,pl_bmassjerr2,st_glon",0.5
385,"gaia_plxerr1,pl_orbinclerr2,pl_radelim,st_optmaglim",0.5
386,"pl_bmassprov,pl_impparlim,pl_ratrorlim,st_denserr2",0.5
387,"gaia_pmralim,pl_orbeccenlim,pl_orbinclerr1,st_elon,st_nimg",0.5
388,"pl_disc,pl_orbincllim,st_jmk2",0.5
389,"pl_controvflag,pl_orbpererr1,pl_radserr1,pl_ratrorlim,st_colorn,st_h",0.5
390,"gaia_plxerr1,pl_orbinclerr1,pl_trandurlim",0.5
391,"gaia_dist,gaia_pmdeclim,pl_orblperlim",0.5
392,"pl_locale,pl_rade,st_jlim,st_wise3lim,st_wise4lim",0.5
393,"gaia_plxerr1,st_ageerr2,st_jmh2err,st_nglc",0.5
394,"pl_bmasselim,pl_rads,pl_telescope,st_metfeerr1",0.5
395,"pl_eqterr2,pl_trandeplim,pl_trandurerr1,st_denslim,st_dist,st_masserr1,st_teff",0.5
396,"pl_impparerr2,pl_ratdorerr2,pl_rvflag,st_pmlim",0.5
397,"st_lumlim,st_nspec,st_optmaglim",0.5
398,"pl_cbflag,pl_discmethod,pl_eqtlim,pl_orbsmaxlim,st_j,st_nglc,st_rad",0.5
399,"gaia_plx,pl_radeerr1,pl_radslim,st_nts,st_vj",0.5
400,"st_jmk2,st_lumerr2,st_metratio,st_plxlim",0.5
401,"pl_ratrorerr2,pl_tranmiderr2,st_jerr,st_tefferr1",0.5
402,"gaia_gmaglim,gaia_plxerr2,gaia_pmlim,pl_orbeccenlim,pl_orbpererr1,st_elon,st_hlim",0.5
403,"pl_kepflag,pl_orbincl,pl_radjlim,st_denserr2,st_tefflim",0.5
404,"pl_st_npar,st_jmk2err,st_nts",0.5
405,"pl_insollim,pl_orbpererr1,pl_orbsmaxerr1,pl_ratrorlim",0.5
406,"pl_mnum,pl_tranmid,st_masserr1,st_wise4",0.5
407,"gaia_plxlim,pl_mnum,st_h,st_pmlim,st_radv",0.5
408,"pl_kepflag,pl_orbper,st_h,st_radlim",0.5
409,"gaia_plx,pl_instrument,pl_orbeccenerr2,st_jmk2,st_wise1err",0.5
410,"pl_tranmiderr1,pl_tsystemref,st_h,st_hmk2err,st_klim,st_raderr2,st_wise4",0.5
411,"gaia_pmdeclim,pl_controvflag,pl_orbsmaxlim",0.5
412,"gaia_distlim,gaia_pmdecerr,pl_controvflag,pl_msinielim,pl_status,st_nplc,st_rah",0.5714285714285714
413,"pl_astflag,pl_ratdor,st_hmk2,st_lum",0.5
414,"pl_orbsmaxerr2,st_dist,st_tefferr1",0.5
415,"gaia_disterr2,pl_eqterr2,pl_instrument,pl_radeerr2",0.5
416,"pl_angseperr2,pl_controvflag,st_age,st_jerr",0.5
417,"gaia_disterr1,gaia_distlim,pl_bmassprov,st_jlim,st_logglim,st_radverr1",0.5
418,"pl_msinijlim,st_disterr1,st_radlim",0.5
419,"pl_imppar,pl_kepflag,pl_nnotes",0.5
420,"pl_controvflag,pl_orbpererr2,st_radverr2",0.5
421,"pl_astflag,pl_radjlim,pl_ratrorlim",0.5
422,"pl_cbflag,st_hmk2err,st_wise1",0.48214285714285715
423,"pl_bmasselim,pl_eqtlim,pl_instrument,pl_mnum,pl_radj,pl_ratdorerr2,pl_ttvflag,st_disterr1,st_tefferr2",0.5
424,"gaia_pmdeclim,pl_angseperr2,pl_msinielim,st_radlim",0.5
425,"gaia_pmralim,pl_insollim,st_metfeerr1,st_pmdecerr",0.5
426,"pl_mnum,pl_tranmidlim,st_k,st_sp",0.5
427,"pl_bmassjerr2,pl_orbsmaxerr1,st_nglc",0.5
428,"gaia_distlim,pl_kepflag,pl_rade",0.5
429,"pl_ratdorerr1,pl_ratrorerr1,st_pmdeclim",0.5
430,"pl_facility,st_metfeerr1,st_pmralim",0.5
431,"gaia_gmaglim,pl_orbincl,st_lum,st_metfeerr2,st_metratio",0.5
432,"pl_orbeccenerr2,pl_st_nref,st_dist",0.5
433,"pl_tranmidlim,st_disterr1,st_hlim",0.5
434,"dec,pl_facility,pl_radjerr1,st_pmraerr,st_radvlim,st_tefflim",0.5
435,"pl_orbper,pl_radelim,pl_ratrorerr2,st_glat",0.5
436,"pl_ratdorerr2,st_pmdecerr,st_raderr1,st_raderr2",0.5
437,"pl_trandurerr1,st_elon,st_k,st_loggerr2,st_lum",0.5
438,"gaia_pmdeclim,pl_imgflag,pl_letter,pl_orbincl,pl_ratdorlim,pl_trandurerr1,st_hlim,st_naxa,st_pmdec",0.5
439,"gaia_disterr2,st_lumerr1,st_raderr2",0.5
440,"pl_tranflag,st_ageerr1,st_pmlim",0.5
441,"gaia_pmerr,pl_impparerr2,pl_tranmid",0.5
442,"gaia_pmra,st_hmk2err,st_wise2",0.5263157894736842
443,"gaia_distlim,pl_orbincl,st_pmralim,st_wise1err",0.5
444,"gaia_plxerr1,st_disterr2,st_elat,st_glon,st_optmagerr,st_radv",0.5
445,"pl_bmasselim,pl_massjlim,pl_orbperlim,pl_tranmiderr2,st_metfe,st_metfeerr1,st_nts",0.5
446,"gaia_dist,gaia_disterr1,pl_eqterr2,pl_trandurlim,st_glat",0.5
447,"st_hlim,st_hmk2lim,st_nimg",0.5
448,"gaia_pmdeclim,pl_msinijlim,pl_orbsmaxerr2,st_jmk2lim,st_nplc",0.5
449,"gaia_disterr1,pl_radeerr2,st_klim",0.5
450,"gaia_dist,gaia_pmdeclim,pl_tranmidlim,st_hmk2err,st_rad,st_wise4",0.5
451,"pl_facility,pl_impparerr1,st_pmraerr,st_teff",0.5
452,"pl_st_nref,st_metfe,st_nts,st_raderr2,st_wise4",0.5
453,"gaia_pmdec,pl_bmasse,st_pm",0.5
454,"pl_imppar,st_pmdeclim,st_pmlim,st_raderr2",0.5
455,"pl_orbtperlim,pl_tsystemref,st_elat,st_optmag",0.5
456,"pl_eqterr1,pl_st_nref,st_jmh2err",0.5
457,"pl_orbsmaxerr1,pl_ratror,pl_ratrorlim,st_pmralim",0.5
458,"pl_bmassjlim,pl_ratdorerr2,pl_ratdorlim",0.5
459,"pl_ratdor,st_dist,st_optmagerr,st_wise2",0.5
460,"pl_bmasselim,pl_eqtlim,pl_impparerr1,st_jmh2err,st_loggerr2",0.5
461,"pl_angsep,pl_bmasselim,pl_msinijlim,pl_st_npar,pl_tsystemref,st_glon,st_jmh2lim",0.5
462,"st_jmk2,st_nspec,st_pmra",0.5
463,"pl_k2flag,st_denserr2,st_wise3",0.5
464,"gaia_pm,pl_rvflag,pl_trandeplim",0.5
465,"pl_impparerr1,pl_ratrorlim,st_jmk2err,st_metfeerr1",0.5
466,"st_nglc,st_nspec,st_radlim",0.5
467,"pl_imgflag,pl_orbsmaxerr1,pl_rvamp,st_optmagerr,st_pmra,st_raderr2",0.5
468,"pl_bmassjerr1,pl_rvamperr2,st_hmk2,st_jmh2err,st_rah",0.5
469,"pl_angseperr2,pl_orbperlim,pl_rvamp,st_mass,st_nglc,st_pmdeclim,st_wise4lim",0.5
470,"gaia_plxlim,st_herr,st_loggerr2",0.5
471,"pl_orbtperlim,st_metfeerr2,st_nspec",0.5
472,"gaia_pmra,pl_tranmid,st_metfeerr1,st_nimg,st_wise4",0.5
473,"pl_bmasse,pl_kepflag,pl_radj",0.5
474,"pl_impparlim,st_dist,st_nglc",0.5
475,"pl_pnum,pl_ratrorlim,st_denserr1",0.5
476,"pl_angseperr1,pl_orbeccenlim,pl_ratrorerr2",0.5
477,"pl_bmassprov,pl_kepflag,pl_trandurerr1,st_disterr2",0.5
478,"st_mass,st_optmagerr,st_pmraerr,st_wise4",0.5
479,"gaia_plx,pl_bmasse,pl_st_nref,pl_status",0.5
480,"pl_orbpererr1,pl_status,st_distlim",0.5
481,"pl_orbsmaxlim,st_hlim,st_hmk2,st_pmralim,st_tefferr1",0.5
482,"pl_bmassjlim,pl_imppar,pl_radserr1,ra",0.5
483,"pl_orbpererr2,pl_tranmiderr1,st_denserr1",0.5
484,"pl_disc,pl_insollim,pl_orblperlim,st_pmdecerr,st_pmlim,st_rad,st_tefferr1",0.5
485,"pl_bmasseerr1,st_metfelim,st_raderr1",0.5
486,"gaia_gmag,pl_bmassjerr2,pl_orbeccenlim",0.5
487,"pl_facility,st_distlim,st_hlim,st_logg,st_lumlim,st_naxa,st_radlim,st_wise4",0.5555555555555556
488,"pl_impparlim,pl_kepflag,pl_locale,ra,st_rad",0.5
489,"gaia_plxerr2,st_pm,st_sp",0.5
490,"gaia_plxlim,pl_k2flag,pl_orbincllim,st_plxlim",0.5
491,"gaia_plxerr2,gaia_pmerr,pl_controvflag,pl_orblperlim,pl_rvamplim,st_sp",0.5
492,"gaia_pmdec,pl_angsep,pl_angseperr1,pl_astflag,pl_impparerr1,pl_omflag,pl_orbpererr1,st_j",0.5
493,"gaia_gmag,gaia_pmra,gaia_pmraerr,pl_orbper,pl_orbsmaxlim,pl_rvflag,pl_trandurerr2,st_h,st_masserr1,st_rah,st_wise1err",0.5
494,"gaia_pm,gaia_pmlim,st_jlim",0.5
495,"pl_orbeccen,pl_orbper,st_lumlim",0.5
496,"pl_rvamperr2,pl_tranflag,st_h,st_wise4",0.5
497,"pl_rvflag,st_ageerr1,st_metfelim",0.5
498,"pl_bmasse,pl_orbeccenlim,st_nts,st_pmlim",0.5
499,"gaia_pmra,pl_cbflag,pl_ratror,pl_rvflag,st_raderr1,st_wise3",0.5
500,"pl_cbflag,pl_eqterr2,pl_facility,pl_locale,pl_ratrorlim,st_nts,st_raderr2",0.5
501,"dec,pl_orbincllim,pl_tranmid,st_logglim",0.5
502,"gaia_dist,pl_bmasselim,st_masserr2",0.5
503,"pl_bmasseerr1,st_logg,st_tefferr1",0.5
504,"gaia_pmlim,pl_bmasseerr2,st_glon,st_jmh2lim",0.5
505,"pl_bmassj,st_jmk2,st_pmdecerr",0.5
506,"pl_impparlim,pl_st_nref,pl_tranmiderr1",0.5
507,"gaia_dist,gaia_pmralim,pl_locale,st_klim,st_lum,st_pm",0.48333333333333334
508,"st_metratio,st_raderr1,st_tefferr1",0.5
509,"pl_rvamperr2,st_photn,st_wise4",0.4864864864864865
510,"pl_mnum,pl_orbeccenerr1,pl_pnum,pl_status,st_herr,st_nspec",0.5
511,"pl_orbpererr1,pl_radeerr2,pl_radj,pl_ratrorerr2,st_pm",0.5
512,"pl_mnum,pl_msinijlim,pl_orbsmaxerr1,st_wise3",0.5
513,"gaia_pmerr,st_elon,st_lumlim",0.5
514,"pl_instrument,pl_orbeccen,st_vjerr",0.5
515,"pl_st_nref,st_jmh2lim,st_pmdeclim,st_wise1err",0.5
516,"gaia_pmralim,pl_msinijlim,pl_orbsmaxerr2,st_wise4lim",0.5
517,"pl_impparerr2,pl_orbper,st_denserr2,st_disterr1,st_metfe",0.5
518,"gaia_pmdeclim,st_jerr,st_wise2err",0.5
519,"gaia_pmdecerr,gaia_pmra,pl_cbflag,pl_orbsmax,ra,st_masserr1,st_nplc,st_pmralim,st_vjlim,st_wise3lim",0.5
520,"pl_orblperlim,st_jerr,st_jmh2lim,st_masslim",0.5
521,"gaia_plxerr1,gaia_pmralim,st_wise4",0.5
522,"pl_st_nref,pl_trandurlim,st_jerr,st_kerr,st_radlim",0.5
523,"pl_orbincl,pl_radj,pl_tranmidlim,st_masserr1",0.5
524,"gaia_plxerr2,st_lum,st_nrvc",0.5
525,"pl_controvflag,st_herr,st_metfelim,st_optmag",0.5
526,"pl_orbperlim,pl_orbsmaxerr2,st_jmk2lim",0.5
527,"gaia_pmerr,pl_eqtlim,pl_mnum",0.5
528,"pl_tranmiderr2,st_elat,st_rah",0.5
529,"gaia_distlim,pl_astflag,pl_impparerr2,pl_tranmid,pl_tsystemref,st_denslim,st_hmk2err,st_pmra",0.5
530,"gaia_gmaglim,pl_rade,pl_trandur",0.5
531,"gaia_gmaglim,pl_orbincl,pl_radjerr2,st_pmdecerr",0.5
532,"pl_orbinclerr2,st_k,st_masserr1,st_raderr2",0.5
533,"pl_omflag,pl_rade,st_glat",0.5
534,"gaia_gmaglim,pl_insollim,pl_ratrorlim",0.5
535,"gaia_pmdec,gaia_pmralim,pl_orbper,st_vjlim",0.5
536,"pl_eqt,pl_imppar,pl_orbper,pl_rvflag,st_optmag",0.5
537,"gaia_disterr2,pl_bmassprov,pl_k2flag,st_ageerr1,st_tefflim,st_wise1lim",0.5
538,"pl_orbper,pl_orbpererr2,pl_ratdorerr2,pl_status",0.5
539,"pl_disc,pl_radjerr1,pl_rvflag,st_vj",0.5
540,"pl_radeerr2,pl_radelim,pl_radslim",0.5
541,"gaia_gmaglim,pl_ratdorerr1,st_lum,st_wise1lim",0.5
542,"gaia_disterr2,pl_radj,st_vj",0.5
543,"pl_instrument,pl_ttvflag,st_wise2lim",0.5
544,"gaia_gmaglim,gaia_pmralim,pl_bmassprov,pl_disc,pl_orbsmaxerr1,pl_tranmiderr2,st_colorn,st_elat,st_hmk2lim,st_jmh2lim,st_jmk2lim,st_lumerr2",0.5
545,"pl_tranmiderr1,st_loggerr1,st_metfeerr1",0.5
546,"pl_st_npar,st_dens,st_dist,st_glat,st_loggerr1,st_nglc",0.5
547,"pl_orbpererr2,pl_rade,pl_radeerr2,st_disterr2,st_h,st_masserr1,st_optmag,st_wise1",0.5
548,"gaia_pmraerr,pl_pnum,pl_trandurlim,st_loggerr1,st_masslim,st_raderr2",0.5
549,"pl_orbsmaxerr1,st_jmh2err,st_klim,st_pmlim,st_raderr1",0.5
550,"pl_eqterr1,pl_orbinclerr1,st_nrvc",0.5
551,"pl_astflag,pl_mnum,pl_msinielim,st_pmerr",0.5
552,"pl_controvflag,st_jerr,st_mass",0.5
553,"pl_imppar,st_raderr2,st_wise1lim",0.5
554,"gaia_pmdec,pl_angseperr1,pl_insollim,pl_telescope",0.5
555,"gaia_pmraerr,pl_letter,st_nspec",0.5
556,"gaia_distlim,gaia_pmralim,pl_masselim,pl_radelim",0.5
557,"dec,gaia_disterr1,pl_radjerr1,pl_ratdorlim,pl_trandurerr1",0.5
558,"gaia_dist,pl_massjlim,st_masserr1,st_photn,st_pmerr,st_tefferr2",0.5
559,"pl_orbeccen,st_nspec,st_optband",0.5
560,"pl_eqt,pl_impparerr2,pl_orbsmax,pl_st_nref",0.5
561,"gaia_gmaglim,st_klim,st_vj,st_wise3",0.5
562,"pl_radserr2,pl_tranmid,st_optmag,st_pm,st_vjerr",0.5
563,"pl_radjerr1,pl_ratdorlim,pl_trandurerr1,st_glat,st_k,st_wise3",0.5
564,"pl_omflag,pl_rade,st_plxlim",0.5
565,"pl_eqterr2,st_h,st_optmagerr",0.5
566,"pl_eqt,pl_ratrorlim,pl_telescope,st_optband",0.5
567,"pl_bmasseerr1,pl_bmasselim,st_hmk2",0.5
568,"gaia_pmra,pl_orbinclerr2,st_denserr1,st_hmk2lim,st_logg,st_radlim,st_wise2err",0.5
569,"pl_orbinclerr2,pl_orbincllim,st_colorn,st_optmagerr,st_vjlim",0.5
570,"pl_bmassjlim,pl_orbinclerr1,pl_orbperlim,pl_radserr1,pl_trandurerr1,st_denslim,st_elat,st_jmh2err,st_jmh2lim",0.5
571,"pl_radelim,pl_ratrorerr1,st_masslim",0.5
572,"pl_instrument,pl_k2flag,st_radverr2",0.5
573,"gaia_plx,pl_st_nref,st_splim",0.5
574,"pl_astflag,pl_orbsmax,st_wise2err",0.5
575,"pl_eqtlim,pl_radserr2,pl_tranmiderr1,pl_tsystemref,st_herr,st_jmk2lim,st_kerr,st_teff",0.5
576,"gaia_plxerr2,pl_nnotes,pl_tranmidlim",0.5
577,"pl_pnum,st_klim,st_vjerr",0.5
578,"pl_orblperlim,st_glon,st_plxlim,st_wise2",0.5
579,"gaia_pmlim,pl_radeerr2,pl_radjerr1,pl_rads,pl_trandurlim,st_dens,st_glon,st_naxa",0.5
580,"dec,gaia_disterr2,st_colorn,st_lumlim",0.5
581,"pl_instrument,pl_st_npar,pl_telescope",0.5
582,"pl_bmassjerr2,pl_facility,pl_status,st_glat,st_metfeerr2,st_vjerr",0.5
583,"pl_discmethod,st_nglc,st_pmdecerr,st_radvlim",0.5
584,"pl_locale,pl_rvamplim,st_distlim",0.5
585,"gaia_pmdeclim,pl_bmassprov,pl_ttvflag,st_radv,st_wise4lim",0.5
586,"pl_letter,st_jmk2err,st_wise3err",0.5
587,"gaia_plxlim,pl_msinielim,pl_st_nref,pl_tranflag,st_hmk2err,st_wise2err,st_wise4lim",0.5
588,"pl_occdeplim,pl_orblperlim,pl_orbsmaxlim",0.5
589,"pl_pnum,pl_st_npar,st_age",0.5
590,"pl_bmassjlim,pl_orbeccenlim,pl_radserr1",0.5
591,"pl_k2flag,st_nimg,st_plx",0.5
592,"pl_rvamperr2,st_nrvc,st_pm",0.5
593,"gaia_disterr2,st_rad,st_tefflim",0.5
594,"pl_kepflag,pl_orbeccenlim,st_tefflim",0.5
595,"pl_astflag,pl_radjerr2,st_lumerr1,st_vjerr",0.5
596,"pl_pnum,pl_radserr1,st_nspec",0.5
597,"gaia_pmralim,pl_bmassjerr1,st_hmk2,st_pmlim,st_tefflim",0.5
598,"pl_ratrorlim,st_optband,st_raderr1,st_teff",0.5
599,"pl_bmassj,pl_discmethod,st_wise3err",0.5
600,"gaia_pmdec,pl_orbinclerr1,st_dens",0.5
601,"st_lumerr1,st_nspec,st_pmerr",0.5
602,"pl_impparlim,pl_rade,pl_rads,st_lumlim",0.5
603,"pl_orbincllim,pl_orbsmaxerr1,st_vjerr",0.5
604,"gaia_pmra,pl_locale,st_klim",0.5526315789473684
605,"pl_msinielim,st_elon,st_hmk2lim",0.5
606,"pl_disc,pl_nnotes,st_pmra",0.5
607,"pl_imppar,pl_mnum,st_glat,st_tefflim",0.5
608,"pl_status,st_radv,st_tefflim,st_wise1",0.5
609,"gaia_disterr2,pl_controvflag,st_disterr2,st_masserr1",0.5
610,"gaia_pmraerr,pl_orbpererr2,pl_rade,st_pmerr",0.5
611,"gaia_plxerr2,pl_masselim,pl_st_nref,st_k,st_metfeerr2,st_raderr2",0.5
612,"gaia_disterr1,pl_orbincl,ra",0.5
613,"pl_omflag,pl_trandur,st_klim,st_photn",0.5
614,"dec,gaia_plxlim,gaia_pmraerr,gaia_pmralim,st_glon,st_lum,st_radverr1,st_wise4lim",0.5
615,"gaia_plx,st_jerr,st_metratio",0.5
616,"st_disterr2,st_kerr,st_nrvc",0.5
617,"pl_ratrorerr2,st_jmk2lim,st_wise1",0.5
618,"gaia_plx,pl_bmasselim,pl_impparlim,st_denserr2",0.5
619,"pl_locale,st_elon,st_wise2",0.5
620,"gaia_plxerr1,pl_orbincllim,st_mass",0.5
621,"st_elon,st_logg,st_radverr2",0.5
622,"gaia_pmlim,pl_cbflag,st_plxerr2",0.5
623,"gaia_dist,pl_bmasseerr2,pl_bmassjlim,st_raderr1",0.5
624,"gaia_plxerr1,st_jmh2,st_splim",0.5
625,"pl_eqt,pl_radjlim,st_jmk2err,st_jmk2lim,st_optband,st_optmag",0.5
626,"pl_eqt,pl_orbincl,pl_orbinclerr2,pl_telescope",0.5
627,"gaia_disterr1,gaia_pmdecerr,gaia_pmerr,pl_angseperr2,pl_radj,st_metratio,st_nimg,st_pmlim,st_radv",0.5
628,"pl_orbsmaxerr2,pl_ratror,st_glat",0.5
629,"pl_denslim,pl_locale,pl_msinielim,pl_tsystemref,st_optband",0.5
630,"pl_bmasseerr2,st_optmag,st_rad",0.5
631,"pl_bmasseerr2,st_kerr,st_pmra",0.5
632,"gaia_distlim,pl_facility,pl_imgflag,pl_impparerr1,pl_radjerr1,st_elat",0.5
633,"gaia_pmerr,pl_orbperlim,st_j,st_pmdeclim",0.5
634,"pl_tranmiderr1,st_jmk2lim,st_optmaglim,st_pmerr,st_wise1err",0.5
635,"gaia_pmralim,st_nspec,st_plxlim",0.5
636,"pl_bmassjlim,st_denserr1,st_denslim,st_tefflim",0.5
637,"gaia_plxlim,st_dens,st_pmraerr",0.5
638,"st_metratio,st_nrvc,st_plx",0.5
639,"pl_controvflag,pl_masselim,st_dens",0.5
640,"pl_k2flag,pl_orbeccenerr1,st_metfeerr2",0.5
641,"pl_orbeccen,st_hlim,st_radv",0.5
642,"pl_disc,pl_trandeplim,st_hmk2,st_pmra",0.5
643,"pl_imppar,ra,st_logg",0.5
644,"pl_angsep,pl_orblperlim,pl_radjerr2,pl_rvamperr2,st_disterr1,st_hmk2,st_optband,st_optmaglim,st_wise4",0.5
645,"pl_orbperlim,pl_ratdor,st_metfe",0.5
646,"gaia_pmlim,pl_orbincl,pl_radj,pl_ratrorerr2,st_masserr2",0.5
647,"gaia_pmralim,pl_orbtperlim,st_raderr1",0.5
648,"gaia_disterr2,pl_disc,pl_ratrorerr1",0.5
649,"gaia_plxerr1,pl_radeerr2,pl_radserr2,st_dist,st_photn",0.5
650,"pl_ratrorerr1,st_jlim,st_optmaglim",0.5
651,"st_kerr,st_lumlim,st_raderr1",0.5
652,"st_hmk2err,st_logglim,st_rad",0.5
653,"pl_nnotes,pl_radj,pl_telescope,st_radv",0.5
654,"pl_cbflag,pl_instrument,ra,st_disterr1,st_pm",0.5
655,"gaia_pmdecerr,pl_tranmid,st_vjlim",0.5
656,"pl_orbsmax,pl_st_npar,pl_trandurerr2,pl_tsystemref,st_disterr1",0.5
657,"pl_masselim,pl_st_nref,st_dist",0.5
658,"pl_massjlim,pl_ratdorerr1,st_lumlim,st_rad",0.5
659,"gaia_plxlim,pl_angseperr2,pl_bmasselim,ra,st_jmk2lim",0.5
660,"pl_radjerr2,st_lumerr1,st_metfe,st_nspec",0.4852941176470588
661,"pl_orbeccenlim,pl_trandurerr2,st_raderr1",0.5
662,"gaia_distlim,pl_imppar,pl_orbperlim,st_kerr",0.5
663,"gaia_pmralim,pl_trandur,st_age",0.5
664,"pl_ratrorerr1,st_nimg,st_pmraerr",0.5
665,"pl_radslim,pl_tranmid,st_kerr,st_lum,st_pmerr",0.5
666,"pl_orbsmaxerr1,pl_rvamperr1,st_jmk2",0.5
667,"gaia_pmraerr,pl_imgflag,st_pmdec,st_radvlim,st_wise3lim",0.5
668,"pl_mnum,pl_rvamperr1,pl_status,st_metfeerr1,st_raderr2",0.5
669,"gaia_pmlim,pl_bmasselim,pl_letter,pl_locale,ra",0.5
670,"pl_orbincllim,pl_tranmidlim,st_lum,st_nplc",0.5
671,"gaia_distlim,pl_trandurerr2,pl_tranflag,st_herr",0.5
672,"pl_angseperr1,pl_bmassjerr2,st_logg,st_metfelim,st_tefflim",0.5
673,"pl_insolerr1,st_klim,st_mass",0.5
674,"pl_bmassjlim,pl_tsystemref,st_optband",0.5
675,"pl_radeerr2,pl_radj,pl_radjerr1,pl_st_npar,st_disterr2,st_glon,st_kerr,st_wise2lim",0.5
676,"pl_omflag,pl_orbsmaxlim,pl_radjerr1,st_wise1err",0.5
677,"pl_letter,pl_orbsmaxlim,pl_pnum",0.5
678,"gaia_pmdecerr,pl_ratdor,pl_tranmiderr1",0.5
679,"pl_instrument,st_disterr1,st_pm,st_pmra",0.5
680,"gaia_pmralim,pl_radjlim,st_elat,st_lum,st_metratio,st_wise3",0.5
681,"gaia_gmaglim,gaia_pmdecerr,pl_bmassjlim,pl_eqtlim,pl_orbsmaxlim,pl_radjlim,pl_radserr1,st_dist,st_distlim,st_elon,st_nspec,st_optband,st_raderr2",0.5
682,"pl_msinijlim,st_hmk2err,st_rah",0.5
683,"gaia_plxerr2,pl_letter,st_hmk2err,st_tefferr1",0.5
684,"gaia_disterr2,pl_angsep,pl_bmasseerr2,pl_kepflag,pl_orbperlim,st_glat",0.5
685,"gaia_pmraerr,pl_nnotes,pl_rade,pl_ratdorlim,st_pmra,st_wise1err",0.5
686,"pl_msinijlim,pl_radjerr1,st_hmk2err",0.5
687,"pl_instrument,pl_k2flag,pl_masselim,pl_orbincl,pl_ratdorlim,st_glon,st_jmk2,st_wise2lim",0.5
688,"pl_discmethod,pl_impparlim,pl_orbinclerr1",0.5
689,"pl_angseperr2,st_photn,st_radverr1",0.5
690,"st_ageerr2,st_jmh2lim,st_wise2",0.5
691,"pl_imppar,pl_trandurerr2,st_wise1err",0.5
692,"pl_imppar,st_masserr1,st_pmralim",0.5
693,"gaia_pmraerr,pl_impparerr2,pl_massjlim,pl_pnum,pl_status,st_wise2err",0.5
694,"gaia_gmag,pl_bmasse,pl_instrument,pl_orbeccen,pl_radj,st_jmk2,st_wise1lim,st_wise4lim",0.5
695,"pl_imppar,pl_ttvflag,st_denserr1",0.5
696,"gaia_pmdec,gaia_pmraerr,pl_orbpererr1,st_dist,st_klim",0.5
697,"pl_insollim,pl_tranmidlim,st_masserr2",0.5
698,"pl_imgflag,pl_massjlim,pl_orbincl,pl_telescope,pl_trandurerr2,st_jmh2err,st_jmk2,st_wise1",0.5
699,"pl_eqterr1,pl_tranmidlim,st_jmh2err,st_pmerr",0.5
700,"pl_orbsmaxerr1,st_loggerr1,st_teff,st_wise4lim",0.5
701,"gaia_plx,gaia_pmralim,st_optmaglim",0.5
702,"pl_bmassjerr2,pl_orbsmax,st_pmerr",0.5
703,"dec,gaia_plxerr1,st_dens,st_jmk2,st_pmdec",0.5
704,"gaia_gmaglim,gaia_pmraerr,st_ageerr1,st_loggerr1,st_rah",0.5
705,"dec,pl_ratrorerr2,st_naxa",0.5
706,"pl_trandur,st_metfeerr1,st_wise3",0.5
707,"gaia_pm,pl_letter,pl_ratror,st_dist,st_wise1",0.5
708,"pl_astflag,pl_imppar,pl_ratrorerr2,st_jmk2,st_metfe,st_wise3",0.5
709,"pl_cbflag,pl_letter,pl_tranflag,st_lumlim,st_splim",0.5
710,"pl_orbsmaxlim,st_ageerr2,st_tefferr1",0.5
711,"pl_controvflag,pl_discmethod,st_herr,st_lumlim",0.5
712,"pl_telescope,st_herr,st_nts",0.5
713,"pl_cbflag,pl_imppar,pl_orbsmaxerr1",0.5
714,"gaia_pmerr,pl_angsep,pl_discmethod,pl_tranmidlim,st_nglc",0.5
715,"pl_imgflag,pl_ratdor,pl_trandeplim,st_wise3",0.5
716,"gaia_pmraerr,pl_st_npar,st_denserr1,st_wise3err",0.5
717,"pl_radj,pl_radslim,pl_telescope,st_metfeerr2,st_wise1lim",0.5
718,"pl_ratdorerr2,pl_telescope,st_masslim,st_naxa,st_raderr2",0.5
719,"gaia_distlim,gaia_pm,pl_bmasselim,pl_eqtlim,pl_mnum,st_jmk2lim,st_pmraerr,st_rad,st_rah",0.5
720,"gaia_dist,gaia_disterr2,pl_kepflag,pl_orbincllim,pl_radjerr2,pl_ratdor,st_masserr1,st_metfe,st_tefflim",0.5
721,"pl_eqterr2,pl_letter,pl_pnum,pl_ratdorerr1",0.5
722,"gaia_pmerr,pl_msinielim,st_jerr",0.5
723,"gaia_distlim,gaia_plxlim,gaia_pmlim,pl_angsep,pl_orbpererr2,pl_ratrorerr1,st_h",0.5
724,"pl_impparerr1,st_logglim,st_teff",0.5
725,"pl_angseperr2,pl_cbflag,st_nimg",0.5
726,"pl_pnum,st_disterr2,st_lumerr1",0.5
727,"gaia_dist,pl_telescope,st_j",0.5
728,"pl_insollim,pl_tranflag,st_hmk2lim,st_pmdecerr,st_radlim",0.5
729,"dec,gaia_plx,pl_st_npar,pl_trandurerr1,st_denserr2",0.5
730,"gaia_gmaglim,pl_ratror,st_colorn",0.5
731,"pl_cbflag,pl_discmethod,pl_orbinclerr2,pl_orbincllim,pl_orbpererr2,pl_orbsmaxerr2,pl_ratror,st_h",0.5
732,"pl_radserr2,pl_rvflag,pl_telescope,st_nimg,st_nts,st_optmagerr",0.5
733,"pl_radelim,st_hmk2err,st_plxlim",0.5
734,"pl_impparerr2,pl_impparlim,st_hmk2err,st_jmh2lim,st_pmraerr",0.5
735,"pl_orbsmax,pl_radelim,st_jmh2err,st_mass,st_rah",0.5
736,"pl_eqterr2,pl_nnotes,st_denslim",0.5
737,"pl_omflag,pl_orbeccen,st_hmk2lim,st_masslim,st_wise2,st_wise3lim",0.5
738,"pl_instrument,pl_st_npar,pl_tsystemref",0.5
739,"pl_bmasse,pl_bmassjerr1,pl_disc",0.5
740,"gaia_pmlim,st_kerr,st_plxerr2,st_radvlim",0.5
741,"pl_facility,pl_trandeplim,st_jmh2",0.5
742,"pl_bmasseerr2,pl_discmethod,pl_st_nref,st_glon,st_hmk2err,st_masserr1,st_optmaglim",0.4857142857142857
743,"pl_insollim,pl_masselim,st_metfe,st_nts",0.5
744,"pl_locale,pl_ratdorerr2,pl_ratrorlim,pl_trandurlim,pl_ttvflag",0.5
745,"pl_kepflag,pl_orbperlim,st_pmdecerr,st_wise3",0.5
746,"pl_eqterr1,st_dist,st_distlim,st_pmraerr,st_teff,st_wise1err",0.5
747,"gaia_distlim,st_hmk2lim,st_wise4",0.5
748,"pl_locale,pl_orbper,st_metfe",0.5263157894736842
749,"gaia_pmerr,pl_bmassprov,pl_tranmiderr2",0.5
750,"pl_orbsmaxerr2,st_pmerr,st_tefferr2",0.5
751,"pl_radjerr1,pl_st_npar,st_hmk2lim",0.5
752,"pl_angsep,pl_orbtperlim,st_glat,st_metratio",0.5
753,"pl_bmassj,pl_telescope,st_pmdecerr",0.5
754,"pl_locale,pl_radj,st_colorn,st_elon,st_herr,st_wise4",0.5227272727272727
755,"pl_rvamperr1,ra,st_h",0.5
756,"pl_astflag,st_h,st_lumerr2,st_metfeerr1,st_pmraerr,st_wise3err",0.5
757,"pl_rvamperr2,st_jmk2err,st_kerr,st_optmag,st_radvlim",0.5
758,"pl_facility,pl_imppar,pl_rvflag,pl_telescope,st_jmh2lim,st_jmk2err,st_photn",0.5
759,"pl_rvamplim,st_distlim,st_metfeerr1",0.5
760,"gaia_pmdeclim,pl_denslim,st_wise1",0.5
761,"pl_status,st_herr,st_metfeerr2",0.5
762,"st_ageerr2,st_nplc,st_pmlim",0.5
763,"pl_disc,pl_instrument,st_jmh2err,st_metfe",0.5
764,"gaia_disterr1,gaia_pmerr,pl_radj,st_jmh2lim,st_optmagerr",0.5
765,"gaia_pm,pl_radeerr2,pl_radserr2,pl_trandurerr2,st_kerr,st_pmdec",0.5
766,"gaia_plxerr2,pl_orbsmax,pl_radslim,pl_tranmiderr2,st_pmdeclim",0.5
767,"pl_imgflag,pl_locale,pl_mnum,pl_rvflag,pl_st_nref,ra",0.5
768,"pl_bmasseerr1,st_elon,st_metfelim,st_pmraerr",0.5
769,"pl_orbpererr1,pl_orbpererr2,pl_rvamperr2,st_klim,st_pmdecerr",0.5
770,"pl_impparlim,pl_tranflag,st_denslim,st_metfelim,st_pmdec",0.5
771,"pl_orbsmax,st_optband,st_pmralim",0.5
772,"pl_cbflag,pl_radjerr2,st_disterr1,st_jlim,st_lumerr2,st_radlim",0.5
773,"pl_orbsmaxerr2,st_denslim,st_disterr2,st_distlim",0.5
774,"pl_tranmid,st_age,st_glat",0.5
775,"gaia_pmraerr,pl_bmasseerr2,pl_bmassjerr1,pl_ttvflag",0.5
776,"pl_bmassjlim,pl_radjerr1,pl_radslim,pl_st_npar,st_masslim,st_naxa,st_nts,st_pmra,st_vjlim",0.5
777,"pl_angseperr1,pl_controvflag,pl_trandurlim,st_pmraerr,st_tefferr2",0.5
778,"pl_angseperr1,pl_disc,pl_eqterr1,pl_pnum,pl_trandurlim,st_optmaglim",0.5
779,"st_h,st_nplc,st_tefferr2,st_wise3err",0.5
780,"pl_nnotes,pl_tsystemref,st_ageerr1,st_jmk2err",0.5
781,"pl_ratdor,st_naxa,st_nplc",0.5
782,"st_mass,st_nrvc,st_wise3err",0.5
783,"pl_discmethod,pl_imppar,st_denserr1,st_hmk2err,st_jerr,st_masserr1",0.5
784,"pl_orbsmaxerr1,pl_ratrorerr2,st_logglim",0.5
785,"pl_cbflag,pl_mnum,st_plxerr2",0.5
786,"pl_status,pl_tranflag,st_age,st_h,st_pm,st_wise4lim",0.5
787,"gaia_pmralim,pl_astflag,pl_orbpererr1,st_pmdecerr,st_pmlim",0.5
788,"dec,st_disterr2,st_loggerr2",0.5
789,"pl_facility,st_elat,st_loggerr2,st_tefflim",0.5
790,"pl_locale,pl_orbeccen,pl_orbsmaxerr2",0.5
791,"gaia_plxlim,pl_discmethod,pl_mnum",0.5
792,"pl_orbsmax,st_ageerr1,st_colorn,st_jmk2err",0.5
793,"pl_radjlim,pl_tranmiderr2,st_mass,st_masserr1",0.5
794,"st_kerr,st_nplc,st_optmagerr,st_wise3lim",0.5
795,"st_naxa,st_optmaglim,st_sp,st_vjlim",0.5
796,"pl_radserr2,st_raderr2,st_wise4",0.5
797,"dec,gaia_gmag,gaia_gmaglim,pl_orbperlim,st_ageerr1,st_loggerr2,st_naxa",0.5
798,"pl_angseperr2,pl_rvamp,pl_rvflag",0.5
799,"gaia_disterr2,pl_locale,pl_ratdorlim,st_wise2",0.55
800,"gaia_pmerr,pl_bmassprov,st_mass,st_teff",0.5
801,"gaia_plxerr1,st_denserr1,st_jmk2err",0.5
802,"dec,gaia_pmra,pl_locale,st_hlim,st_loggerr1,st_optmag",0.525
803,"pl_imgflag,pl_ratdorerr2,st_distlim",0.5
804,"pl_instrument,pl_radeerr2,st_denserr1",0.5
805,"pl_controvflag,pl_imgflag,st_pmdecerr,st_pmralim,st_wise3,st_wise3lim",0.5
806,"gaia_pmerr,pl_insollim,pl_orbpererr2,pl_orbsmax,st_h,st_optband,st_pmra",0.5
807,"gaia_gmag,pl_telescope,st_jmh2,st_pmdeclim,st_pmra",0.5
808,"gaia_pmdecerr,st_sp,st_tefferr2",0.5
809,"pl_orbeccenlim,st_jmk2err,st_lum,st_raderr2,st_rah,st_tefflim",0.5
810,"pl_letter,pl_massjlim,pl_radeerr1",0.5
811,"gaia_distlim,pl_orbsmax,pl_radj,st_herr,st_pmraerr",0.5
812,"gaia_gmag,gaia_pm,gaia_pmerr,pl_orbeccenlim,pl_pnum,st_logg,st_lumerr2,st_mass,st_optmag,st_pmralim,st_wise4lim",0.5
813,"pl_ratdorerr2,st_logglim,st_wise2",0.5
814,"pl_st_nref,st_dens,st_hlim,st_metfeerr2,st_optmaglim,st_rah",0.5
815,"pl_eqt,pl_mnum,st_lumerr1,st_naxa",0.5
816,"gaia_pmdecerr,pl_orbincllim,pl_rads,st_wise3err",0.5
817,"gaia_plxerr1,pl_radjerr1,st_jmk2err",0.5
818,"pl_controvflag,pl_radjerr1,st_distlim,st_masserr1",0.4838709677419355
819,"pl_radeerr1,pl_ratdorerr1,st_logglim,st_optmag",0.5
820,"pl_disc,pl_masselim,pl_msinijlim,pl_radjlim,st_nrvc,st_raderr2",0.5
821,"gaia_pmdeclim,gaia_pmraerr,pl_orbinclerr1,pl_pnum,st_rad",0.5
822,"pl_impparlim,st_klim,st_radv",0.5
823,"gaia_plxlim,pl_orbincl,pl_orbsmax,pl_trandur",0.5
824,"pl_angseperr2,st_h,st_j",0.5
825,"gaia_pmraerr,pl_eqterr1,pl_instrument,pl_kepflag,pl_telescope,pl_trandurerr2,pl_ttvflag,st_disterr2,st_pm,st_pmraerr",0.5
826,"pl_insollim,pl_masselim,pl_orbperlim,pl_radslim,pl_rvamplim,pl_trandurlim,pl_tranflag,st_metfeerr1,st_wise3lim",0.5
827,"gaia_dist,gaia_disterr1,pl_orbsmax,st_wise1err",0.5
828,"pl_orbincllim,pl_telescope,st_vj,st_vjlim",0.5
829,"st_mass,st_masslim,st_tefferr2,st_wise1lim,st_wise3",0.5
830,"gaia_gmag,pl_orbeccenerr2,st_wise2lim,st_wise3err",0.5
831,"pl_controvflag,pl_ratdorlim,pl_ratror,st_optband",0.5
832,"pl_kepflag,pl_radeerr2,st_glat,st_lumlim,st_metfeerr2",0.5
833,"pl_insollim,pl_ttvflag,st_nts",0.5
834,"pl_pnum,pl_rvflag,st_loggerr2,st_metfeerr1,st_nts,st_rad,st_radlim,st_wise1,st_wise3err",0.5
835,"gaia_pmlim,st_masserr2,st_pmerr,st_wise3err",0.5
836,"dec,pl_rvflag,st_wise2err",0.5
837,"gaia_disterr2,pl_nnotes,st_plxlim",0.5
838,"gaia_plxlim,pl_orbpererr2,pl_trandurerr2,st_loggerr2",0.5
839,"pl_mnum,st_h,st_naxa",0.5
840,"gaia_pmdeclim,pl_disc,st_pmerr",0.5
841,"pl_ttvflag,st_jmh2,st_wise2",0.5
842,"gaia_pmdecerr,st_pmdec,st_raderr1",0.5
843,"pl_bmasselim,st_loggerr1,st_vjerr",0.5
844,"pl_nnotes,pl_orbincllim,pl_orbpererr2,pl_st_nref",0.5
845,"pl_eqtlim,st_optband,st_optmag,st_wise3,st_wise3lim",0.5
846,"pl_insollim,st_masslim,st_photn",0.5
847,"pl_orbincllim,pl_radjerr1,pl_ratdorerr2,st_teff",0.5
848,"dec,pl_rade,pl_rads,st_optmag,st_wise2lim",0.5
849,"pl_angseperr1,st_radverr1,st_wise2err",0.5
850,"gaia_plxlim,pl_impparerr2,pl_nnotes,pl_radserr2",0.5
851,"gaia_pmlim,pl_ratror,pl_st_nref,pl_telescope",0.5
852,"gaia_plx,pl_bmasse,pl_tranmidlim,st_nspec,st_wise1lim",0.5
853,"pl_insol,pl_radelim,st_jmh2",0.5
854,"gaia_plx,pl_impparlim,pl_orbper",0.5
855,"pl_orbsmaxerr2,st_metratio,st_wise4lim",0.5
856,"pl_radj,pl_radserr1,pl_ratdorerr1,pl_ttvflag,st_tefflim",0.5
857,"pl_tranmiderr1,pl_ttvflag,st_metratio",0.5
858,"gaia_gmag,gaia_pm,pl_rvamperr2,st_lumerr1",0.5
859,"gaia_pmdecerr,pl_locale,pl_trandur,st_lum,st_rah,st_wise3",0.5
860,"gaia_pmerr,pl_massjlim,pl_trandurerr2",0.5
861,"pl_bmassprov,pl_instrument,st_plxerr2",0.5
862,"pl_angseperr2,pl_orbsmaxlim,st_lumlim",0.5
863,"pl_pnum,ra,st_k",0.5
864,"gaia_pmdec,gaia_pmralim,pl_orbpererr1,st_pmlim,st_vj",0.5
865,"gaia_pmdeclim,pl_bmassprov,pl_facility,pl_letter,pl_ratrorlim,st_loggerr2,st_metfeerr1,st_wise2",0.5
866,"gaia_plxerr1,pl_radserr2,pl_ratdorerr2,st_glon",0.5
867,"gaia_plx,pl_ratrorlim,st_k,st_metfeerr2,st_wise3",0.5
868,"gaia_plxerr2,pl_orbper,pl_orbperlim,st_metfelim,st_teff",0.5
869,"pl_bmassprov,pl_orbinclerr2,pl_radj,pl_trandur,st_dist,st_pmerr",0.5
870,"pl_orbpererr2,st_jmk2lim,st_pmraerr",0.5
871,"gaia_gmaglim,pl_astflag,pl_imgflag,pl_status,st_disterr1,st_j,st_lum,st_rah,st_sp,st_wise3lim,st_wise4lim",0.5
872,"pl_orbpererr2,st_jmh2err,st_masserr1,st_radv",0.5
873,"pl_discmethod,st_jmh2lim,st_loggerr2,st_raderr2",0.5
874,"gaia_disterr1,st_loggerr1,st_wise2",0.5
875,"pl_bmasselim,pl_masselim,pl_orbperlim,st_colorn",0.5
876,"pl_bmasseerr1,st_logg,st_pmdec",0.5
877,"pl_orbincllim,pl_rvflag,pl_status",0.5
878,"pl_disc,st_loggerr2,st_metfeerr2,st_metfelim,st_wise1lim",0.5
879,"gaia_pm,pl_bmassprov,pl_telescope,st_disterr2,st_plxlim,st_pmraerr",0.5
880,"st_k,st_metfeerr1,st_teff,st_wise1err",0.5
881,"gaia_pmerr,pl_impparerr1,st_logg",0.5
882,"pl_eqterr2,pl_ratdor,pl_tranflag,st_elon,st_logglim,st_wise2",0.5
883,"pl_ratdorerr2,st_elat,st_jmk2err,st_lumerr1",0.5
884,"pl_orbinclerr1,pl_pnum,st_jmh2lim",0.5
885,"gaia_gmaglim,pl_angsep,pl_bmasseerr2,pl_bmassj,pl_bmassprov,st_nts",0.5
886,"pl_ratdorerr1,pl_status,st_glat,st_logglim,st_metfe,st_wise1err",0.5
887,"pl_orbincllim,pl_orbsmaxerr1,pl_radjlim,st_distlim,st_j,st_naxa,st_rah,st_teff",0.5
888,"gaia_plxerr1,pl_facility,pl_orblperlim,pl_orbsmax,pl_ratdorlim,st_pmerr",0.5
889,"gaia_disterr1,pl_imgflag,pl_ratdorerr2,st_elon",0.5
890,"pl_bmassjerr1,pl_bmassjerr2,st_jlim,st_masslim,st_naxa,st_vj",0.5
891,"gaia_pmdec,pl_msinielim,pl_status,st_masserr2,st_nglc,st_wise1lim",0.5
892,"gaia_gmaglim,pl_orbtperlim,pl_pnum,st_elon,st_optband,st_pmraerr",0.5
893,"dec,st_k,st_nspec,st_wise3lim",0.5
894,"gaia_pmerr,pl_mnum,st_nglc,st_wise4lim",0.5
895,"pl_bmassjlim,pl_kepflag,pl_tranmid,st_dens,st_k,st_masslim,st_tefferr1,st_wise1lim",0.5
896,"st_dens,st_hmk2lim,st_nspec",0.5
897,"gaia_plxerr2,st_lum,st_metratio",0.5
898,"pl_bmasseerr1,st_glat,st_wise1err",0.5
899,"pl_orbper,pl_orbsmaxerr1,pl_status,st_colorn,st_elon,st_masserr2,st_pmdecerr",0.5
900,"pl_bmassj,pl_radslim,pl_st_npar",0.5
901,"pl_omflag,pl_orbsmax,pl_radeerr1,st_masslim,st_metratio,st_nimg,st_wise2err,st_wise3",0.5
902,"gaia_disterr2,gaia_pmlim,pl_eqtlim,pl_orbpererr1,pl_orbperlim,st_disterr1,st_herr,st_metfelim",0.5
903,"gaia_pmlim,pl_facility,pl_mnum,pl_radeerr2,pl_ratdor,st_logg,st_nspec",0.5
904,"gaia_plxerr1,pl_orbsmaxerr1,pl_trandurerr2,st_dens",0.5
905,"pl_nnotes,pl_orbsmaxlim,st_loggerr1,st_nplc",0.5
906,"pl_insollim,st_denserr1,st_jlim,st_pmdeclim,st_wise3",0.5
907,"pl_angseperr2,pl_eqterr1,pl_locale,pl_radjerr2,st_colorn,st_pmerr,st_rad,st_tefflim",0.5
908,"gaia_pmdec,pl_radjerr2,st_radv",0.5
909,"gaia_plxerr2,pl_orbsmaxlim,ra",0.5
910,"gaia_pmdec,pl_trandur,st_denserr2,st_hmk2",0.5
911,"pl_letter,pl_st_nref,pl_tranmidlim,st_lumerr2",0.5
912,"pl_radslim,pl_st_nref,st_rah",0.5
913,"pl_rvflag,st_nglc,st_plxerr1",0.5
914,"pl_bmassjlim,pl_rads,st_hmk2lim",0.5
915,"gaia_plx,pl_radserr1,st_metfeerr2,st_metfelim",0.5
916,"pl_nnotes,pl_pnum,pl_ttvflag,st_colorn,st_jlim",0.5
917,"pl_bmasseerr2,pl_orbeccenlim,st_lumerr2,st_mass,st_pmdec",0.5
918,"gaia_plx,pl_radeerr2,pl_trandurlim,ra",0.5
919,"pl_eqtlim,pl_tranmid,st_logg,st_metfe,st_tefferr2",0.5
920,"pl_disc,pl_discmethod,pl_orbsmaxerr2,pl_radjerr2,pl_tsystemref,st_glat",0.5
921,"pl_tsystemref,st_tefferr2,st_wise4lim",0.5
922,"pl_bmasseerr1,pl_st_nref,st_loggerr1",0.5
923,"gaia_pmlim,pl_orbper,st_colorn,st_metfeerr2",0.5
924,"gaia_pmdec,pl_rvamperr2,st_jmk2,st_pm,st_pmlim,st_radv",0.5
925,"gaia_gmag,gaia_plxerr1,pl_trandeplim,pl_tranmid",0.5
926,"pl_imppar,pl_radelim,st_pmra,st_wise3err",0.5
927,"gaia_disterr2,gaia_pmdec,gaia_pmdeclim,gaia_pmra,pl_bmassprov,pl_controvflag,pl_msinielim,pl_radjlim,pl_st_npar,st_optband,st_photn,st_tefflim,st_wise2err",0.5833333333333334
928,"pl_eqterr1,pl_locale,pl_telescope,pl_trandurlim,st_hlim,st_jmk2,st_metfelim,st_metratio",0.5
929,"pl_eqterr1,st_jmk2,st_pmralim",0.5
930,"pl_ratdorlim,st_denserr2,st_mass",0.5
931,"pl_bmassjerr1,pl_orbsmax,st_tefferr2",0.5
932,"pl_imppar,pl_trandur,st_glon,st_masslim,st_nimg",0.5
933,"pl_cbflag,pl_eqterr2,pl_instrument",0.5
934,"pl_k2flag,pl_tranflag,st_pmdecerr",0.5
935,"st_elon,st_pm,st_wise4",0.5
936,"pl_imppar,pl_radjerr1,st_wise1",0.5
937,"pl_orbeccenerr1,st_k,st_nts",0.5
938,"pl_orbsmaxerr1,pl_radj,pl_status",0.5
939,"pl_insollim,pl_radjlim,pl_ratrorerr2",0.5
940,"pl_omflag,pl_orbincl,st_lum,st_teff,st_wise1lim,st_wise2",0.5
941,"st_metfeerr2,st_pmerr,st_teff",0.5
942,"pl_orbeccenerr1,st_jmh2err,st_photn",0.5
943,"pl_angsep,pl_status,st_wise4lim",0.5
944,"pl_radeerr2,pl_rads,pl_trandurlim,st_denserr1",0.5
945,"pl_omflag,pl_radj,st_jmk2",0.5
946,"pl_ratrorerr1,pl_ttvflag,ra",0.5
947,"pl_imppar,pl_ratdorerr1,st_nglc",0.5
948,"pl_bmasselim,pl_controvflag,pl_radelim,pl_st_npar,st_nspec,st_wise3err",0.5
949,"pl_k2flag,st_dens,st_disterr2,st_masserr1",0.5
950,"pl_bmassjlim,pl_orbeccen,st_jmh2",0.5
951,"pl_bmasse,pl_radelim,st_logglim",0.5
952,"pl_insollim,st_glat,st_jmk2lim",0.5
953,"gaia_pmdeclim,pl_mnum,st_splim,st_vjerr",0.5
954,"gaia_disterr2,pl_impparerr2,st_distlim",0.5
955,"pl_astflag,pl_omflag,pl_ratdor,st_hmk2lim,st_loggerr1",0.5
956,"gaia_disterr2,pl_tranmiderr1,st_denslim,st_metfeerr2",0.5
957,"gaia_pm,pl_locale,st_jlim,st_pmdec",0.5
958,"pl_rvamplim,pl_trandurlim,st_wise1lim",0.5
959,"st_disterr2,st_elon,st_jmh2lim,st_rad",0.5
960,"pl_controvflag,pl_radserr1,st_teff",0.5
961,"pl_orbsmaxerr2,st_nts,st_radvlim",0.5
962,"gaia_disterr1,pl_trandurerr2,pl_tranmid",0.5
963,"gaia_gmag,pl_rvamplim,st_herr,st_jmk2lim,st_raderr2,st_wise2err,st_wise3",0.5
964,"pl_omflag,pl_orbperlim,st_radverr2",0.5
965,"pl_radelim,pl_telescope,st_logglim",0.5
966,"pl_orbsmaxlim,pl_rvamperr2,st_masslim",0.5
967,"gaia_disterr2,pl_orbeccen,st_hmk2",0.5
968,"pl_impparerr2,pl_rvflag,st_tefflim",0.5
969,"gaia_pmdecerr,st_vjlim,st_wise2",0.5
970,"pl_orbsmax,pl_trandurerr2,st_denserr1,st_nplc",0.5
971,"pl_radserr2,st_loggerr1,st_metfeerr1",0.5
972,"pl_orbeccenerr1,st_jmk2,st_logglim",0.5
973,"gaia_pm,pl_locale,pl_st_nref,st_elon,st_pmraerr",0.5
974,"pl_bmassj,pl_radjlim,st_elon,st_h,st_metfeerr2",0.5
975,"pl_cbflag,st_jerr,st_metfelim",0.5
976,"pl_cbflag,st_jmh2err,st_nts",0.5
977,"pl_trandeplim,st_disterr1,st_pmerr,st_pmralim",0.5
978,"pl_angseperr2,pl_orbpererr2,pl_radjerr1,st_metfeerr1",0.5
979,"gaia_pm,st_jmh2,st_plxlim,st_radverr1,st_wise4",0.5
980,"pl_bmassjerr1,pl_rvamplim,st_loggerr1",0.5
981,"pl_orbpererr2,pl_tranmiderr1,st_wise2",0.5
982,"st_jlim,st_nspec,st_raderr2",0.5
983,"pl_masselim,pl_orbsmax,st_optmagerr,st_pmra",0.5
984,"st_logg,st_metfelim,st_nts",0.5
985,"gaia_distlim,gaia_plxerr2,pl_impparerr2,pl_radjlim,st_logglim,st_raderr2",0.5
986,"pl_kepflag,pl_st_npar,st_nglc",0.5
987,"pl_orbsmaxlim,pl_tranflag,st_jmh2err,st_naxa",0.5
988,"pl_disc,pl_ratrorerr1,pl_trandeplim",0.5
989,"pl_rvamperr1,st_hlim,st_wise3lim",0.5
990,"gaia_pm,pl_eqtlim,pl_locale,ra",0.5
991,"pl_orbsmaxlim,st_dens,st_rah",0.5
992,"pl_orbeccenerr1,pl_orbeccenerr2,st_masserr2,st_metfeerr1,st_nspec",0.5
993,"st_hmk2,st_plx,st_wise1lim",0.5
994,"gaia_pm,pl_bmasselim,pl_bmassjlim",0.5
995,"gaia_pmdeclim,pl_impparerr1,st_lumlim",0.5
